,model,seed,columns,params,cost,anticipation,detected_faults,missed_faults,false_alarms
0,transformer,101,all_features,"{'head_size': 128, 'num_heads': 2, 'ff_dim': 2, 'num_transformer_blocks': 2, 'mlp_units': [64], 'mlp_dropout': 0.3, 'dropout': 0.25, 'w_len': 5}",18.999999999999996,0.38333333333333336,6,1,15
1,transformer,101,all_features,"{'head_size': 128, 'num_heads': 2, 'ff_dim': 2, 'num_transformer_blocks': 2, 'mlp_units': [64], 'mlp_dropout': 0.3, 'dropout': 0.25, 'w_len': 10}",27.199999999999992,0.31666666666666665,6,1,36
2,transformer,101,all_features,"{'head_size': 128, 'num_heads': 2, 'ff_dim': 2, 'num_transformer_blocks': 2, 'mlp_units': [64], 'mlp_dropout': 0.3, 'dropout': 0.25, 'w_len': 15}",25.799999999999986,0.3,6,1,19
3,transformer,101,all_features,"{'head_size': 256, 'num_heads': 4, 'ff_dim': 4, 'num_transformer_blocks': 4, 'mlp_units': [128], 'mlp_dropout': 0.4, 'dropout': 0.25, 'w_len': 5}",17.999999999999996,0.38333333333333336,6,1,10
4,transformer,101,all_features,"{'head_size': 256, 'num_heads': 4, 'ff_dim': 4, 'num_transformer_blocks': 4, 'mlp_units': [128], 'mlp_dropout': 0.4, 'dropout': 0.25, 'w_len': 10}",21.799999999999997,0.31666666666666665,6,1,4
5,transformer,101,all_features,"{'head_size': 256, 'num_heads': 4, 'ff_dim': 4, 'num_transformer_blocks': 4, 'mlp_units': [128], 'mlp_dropout': 0.4, 'dropout': 0.25, 'w_len': 15}",20.399999999999995,0.33333333333333337,6,1,7
6,transformer,101,all_features,"{'head_size': 128, 'num_heads': 4, 'ff_dim': 2, 'num_transformer_blocks': 4, 'mlp_units': [128], 'mlp_dropout': 0.4, 'dropout': 0.25, 'w_len': 10}",21.199999999999996,0.36666666666666664,6,1,21
7,transformer,101,all_features,"{'head_size': 128, 'num_heads': 4, 'ff_dim': 2, 'num_transformer_blocks': 2, 'mlp_units': [64], 'mlp_dropout': 0.3, 'dropout': 0.25, 'w_len': 10}",26.999999999999996,0.2833333333333333,6,1,15
8,transformer,101,all_features,"{'head_size': 256, 'num_heads': 2, 'ff_dim': 3, 'num_transformer_blocks': 4, 'mlp_units': [128, 64], 'mlp_dropout': 0.4, 'dropout': 0.25, 'w_len': 15}",22.399999999999995,0.31666666666666665,6,1,12
9,transformer,101,all_features,"{'head_size': 256, 'num_heads': 3, 'ff_dim': 3, 'num_transformer_blocks': 3, 'mlp_units': [128], 'mlp_dropout': 0.4, 'dropout': 0.25, 'w_len': 10}",23.799999999999997,0.31666666666666665,6,1,9
10,transformer,101,w5_features,"{'head_size': 128, 'num_heads': 2, 'ff_dim': 2, 'num_transformer_blocks': 2, 'mlp_units': [64], 'mlp_dropout': 0.3, 'dropout': 0.25, 'w_len': 5}",18.4,0.36666666666666664,6,1,2
11,transformer,101,w5_features,"{'head_size': 128, 'num_heads': 2, 'ff_dim': 2, 'num_transformer_blocks': 2, 'mlp_units': [64], 'mlp_dropout': 0.3, 'dropout': 0.25, 'w_len': 10}",20.8,0.35,6,1,9
12,transformer,101,w5_features,"{'head_size': 128, 'num_heads': 2, 'ff_dim': 2, 'num_transformer_blocks': 2, 'mlp_units': [64], 'mlp_dropout': 0.3, 'dropout': 0.25, 'w_len': 15}",25.0,0.3,6,1,15
13,transformer,101,w5_features,"{'head_size': 256, 'num_heads': 4, 'ff_dim': 4, 'num_transformer_blocks': 4, 'mlp_units': [128], 'mlp_dropout': 0.4, 'dropout': 0.25, 'w_len': 5}",19.4,0.36666666666666664,6,1,12
14,transformer,101,w5_features,"{'head_size': 256, 'num_heads': 4, 'ff_dim': 4, 'num_transformer_blocks': 4, 'mlp_units': [128], 'mlp_dropout': 0.4, 'dropout': 0.25, 'w_len': 10}",20.0,0.35,6,1,5
15,transformer,101,w5_features,"{'head_size': 256, 'num_heads': 4, 'ff_dim': 4, 'num_transformer_blocks': 4, 'mlp_units': [128], 'mlp_dropout': 0.4, 'dropout': 0.25, 'w_len': 15}",20.999999999999996,0.33333333333333337,6,1,5
16,transformer,101,w5_features,"{'head_size': 128, 'num_heads': 4, 'ff_dim': 2, 'num_transformer_blocks': 4, 'mlp_units': [128], 'mlp_dropout': 0.4, 'dropout': 0.25, 'w_len': 10}",19.0,0.36666666666666664,6,1,10
17,transformer,101,w5_features,"{'head_size': 128, 'num_heads': 4, 'ff_dim': 2, 'num_transformer_blocks': 2, 'mlp_units': [64], 'mlp_dropout': 0.3, 'dropout': 0.25, 'w_len': 10}",18.599999999999998,0.36666666666666664,6,1,8
18,transformer,101,w5_features,"{'head_size': 256, 'num_heads': 2, 'ff_dim': 3, 'num_transformer_blocks': 4, 'mlp_units': [128, 64], 'mlp_dropout': 0.4, 'dropout': 0.25, 'w_len': 15}",21.2,0.33333333333333337,6,1,6
19,transformer,101,w5_features,"{'head_size': 256, 'num_heads': 3, 'ff_dim': 3, 'num_transformer_blocks': 3, 'mlp_units': [128], 'mlp_dropout': 0.4, 'dropout': 0.25, 'w_len': 10}",21.6,0.35,6,1,13
20,transformer,101,w10_features,"{'head_size': 128, 'num_heads': 2, 'ff_dim': 2, 'num_transformer_blocks': 2, 'mlp_units': [64], 'mlp_dropout': 0.3, 'dropout': 0.25, 'w_len': 5}",17.2,0.36666666666666664,6,1,1
21,transformer,101,w10_features,"{'head_size': 128, 'num_heads': 2, 'ff_dim': 2, 'num_transformer_blocks': 2, 'mlp_units': [64], 'mlp_dropout': 0.3, 'dropout': 0.25, 'w_len': 10}",25.59999999999999,0.31666666666666665,6,1,23
22,transformer,101,w10_features,"{'head_size': 128, 'num_heads': 2, 'ff_dim': 2, 'num_transformer_blocks': 2, 'mlp_units': [64], 'mlp_dropout': 0.3, 'dropout': 0.25, 'w_len': 15}",23.2,0.3,6,1,1
23,transformer,101,w10_features,"{'head_size': 256, 'num_heads': 4, 'ff_dim': 4, 'num_transformer_blocks': 4, 'mlp_units': [128], 'mlp_dropout': 0.4, 'dropout': 0.25, 'w_len': 5}",16.8,0.38333333333333336,6,1,4
24,transformer,101,w10_features,"{'head_size': 256, 'num_heads': 4, 'ff_dim': 4, 'num_transformer_blocks': 4, 'mlp_units': [128], 'mlp_dropout': 0.4, 'dropout': 0.25, 'w_len': 10}",24.999999999999996,0.3,6,1,15
25,transformer,101,w10_features,"{'head_size': 256, 'num_heads': 4, 'ff_dim': 4, 'num_transformer_blocks': 4, 'mlp_units': [128], 'mlp_dropout': 0.4, 'dropout': 0.25, 'w_len': 15}",24.399999999999995,0.33333333333333337,6,1,22
26,transformer,101,w10_features,"{'head_size': 128, 'num_heads': 4, 'ff_dim': 2, 'num_transformer_blocks': 4, 'mlp_units': [128], 'mlp_dropout': 0.4, 'dropout': 0.25, 'w_len': 10}",24.2,0.31666666666666665,6,1,16
27,transformer,101,w10_features,"{'head_size': 128, 'num_heads': 4, 'ff_dim': 2, 'num_transformer_blocks': 2, 'mlp_units': [64], 'mlp_dropout': 0.3, 'dropout': 0.25, 'w_len': 10}",24.799999999999997,0.3,6,1,4
28,transformer,101,w10_features,"{'head_size': 256, 'num_heads': 2, 'ff_dim': 3, 'num_transformer_blocks': 4, 'mlp_units': [128, 64], 'mlp_dropout': 0.4, 'dropout': 0.25, 'w_len': 15}",21.799999999999997,0.33333333333333337,6,1,9
29,transformer,101,w10_features,"{'head_size': 256, 'num_heads': 3, 'ff_dim': 3, 'num_transformer_blocks': 3, 'mlp_units': [128], 'mlp_dropout': 0.4, 'dropout': 0.25, 'w_len': 10}",22.599999999999994,0.35,6,1,18
30,transformer,101,w15_features,"{'head_size': 128, 'num_heads': 2, 'ff_dim': 2, 'num_transformer_blocks': 2, 'mlp_units': [64], 'mlp_dropout': 0.3, 'dropout': 0.25, 'w_len': 5}",21.0,0.31666666666666665,6,1,0
31,transformer,101,w15_features,"{'head_size': 128, 'num_heads': 2, 'ff_dim': 2, 'num_transformer_blocks': 2, 'mlp_units': [64], 'mlp_dropout': 0.3, 'dropout': 0.25, 'w_len': 10}",22.799999999999997,0.36666666666666664,6,1,29
32,transformer,101,w15_features,"{'head_size': 128, 'num_heads': 2, 'ff_dim': 2, 'num_transformer_blocks': 2, 'mlp_units': [64], 'mlp_dropout': 0.3, 'dropout': 0.25, 'w_len': 15}",22.2,0.31666666666666665,6,1,6
33,transformer,101,w15_features,"{'head_size': 256, 'num_heads': 4, 'ff_dim': 4, 'num_transformer_blocks': 4, 'mlp_units': [128], 'mlp_dropout': 0.4, 'dropout': 0.25, 'w_len': 5}",24.999999999999993,0.31666666666666665,6,1,20
34,transformer,101,w15_features,"{'head_size': 256, 'num_heads': 4, 'ff_dim': 4, 'num_transformer_blocks': 4, 'mlp_units': [128], 'mlp_dropout': 0.4, 'dropout': 0.25, 'w_len': 10}",23.799999999999994,0.33333333333333337,6,1,19
35,transformer,101,w15_features,"{'head_size': 256, 'num_heads': 4, 'ff_dim': 4, 'num_transformer_blocks': 4, 'mlp_units': [128], 'mlp_dropout': 0.4, 'dropout': 0.25, 'w_len': 15}",30.8,0.26666666666666666,6,1,19
36,transformer,101,w15_features,"{'head_size': 128, 'num_heads': 4, 'ff_dim': 2, 'num_transformer_blocks': 4, 'mlp_units': [128], 'mlp_dropout': 0.4, 'dropout': 0.25, 'w_len': 10}",26.199999999999996,0.3,6,1,16
37,transformer,101,w15_features,"{'head_size': 128, 'num_heads': 4, 'ff_dim': 2, 'num_transformer_blocks': 2, 'mlp_units': [64], 'mlp_dropout': 0.3, 'dropout': 0.25, 'w_len': 10}",23.599999999999994,0.33333333333333337,6,1,18
38,transformer,101,w15_features,"{'head_size': 256, 'num_heads': 2, 'ff_dim': 3, 'num_transformer_blocks': 4, 'mlp_units': [128, 64], 'mlp_dropout': 0.4, 'dropout': 0.25, 'w_len': 15}",29.799999999999986,0.33333333333333337,6,1,49
39,transformer,101,w15_features,"{'head_size': 256, 'num_heads': 3, 'ff_dim': 3, 'num_transformer_blocks': 3, 'mlp_units': [128], 'mlp_dropout': 0.4, 'dropout': 0.25, 'w_len': 10}",29.999999999999986,0.35,6,1,55
40,transformer,101,w20_features,"{'head_size': 128, 'num_heads': 2, 'ff_dim': 2, 'num_transformer_blocks': 2, 'mlp_units': [64], 'mlp_dropout': 0.3, 'dropout': 0.25, 'w_len': 5}",24.399999999999995,0.3,6,1,12
41,transformer,101,w20_features,"{'head_size': 128, 'num_heads': 2, 'ff_dim': 2, 'num_transformer_blocks': 2, 'mlp_units': [64], 'mlp_dropout': 0.3, 'dropout': 0.25, 'w_len': 10}",23.599999999999998,0.35,6,1,28
42,transformer,101,w20_features,"{'head_size': 128, 'num_heads': 2, 'ff_dim': 2, 'num_transformer_blocks': 2, 'mlp_units': [64], 'mlp_dropout': 0.3, 'dropout': 0.25, 'w_len': 15}",25.199999999999996,0.31666666666666665,6,1,26
43,transformer,101,w20_features,"{'head_size': 256, 'num_heads': 4, 'ff_dim': 4, 'num_transformer_blocks': 4, 'mlp_units': [128], 'mlp_dropout': 0.4, 'dropout': 0.25, 'w_len': 5}",16.599999999999998,0.38333333333333336,6,1,3
44,transformer,101,w20_features,"{'head_size': 256, 'num_heads': 4, 'ff_dim': 4, 'num_transformer_blocks': 4, 'mlp_units': [128], 'mlp_dropout': 0.4, 'dropout': 0.25, 'w_len': 10}",16.999999999999986,0.34285714285714286,7,0,60
45,transformer,101,w20_features,"{'head_size': 256, 'num_heads': 4, 'ff_dim': 4, 'num_transformer_blocks': 4, 'mlp_units': [128], 'mlp_dropout': 0.4, 'dropout': 0.25, 'w_len': 15}",24.999999999999996,0.3,6,1,5
46,transformer,101,w20_features,"{'head_size': 128, 'num_heads': 4, 'ff_dim': 2, 'num_transformer_blocks': 4, 'mlp_units': [128], 'mlp_dropout': 0.4, 'dropout': 0.25, 'w_len': 10}",20.4,0.33333333333333337,6,1,2
47,transformer,101,w20_features,"{'head_size': 128, 'num_heads': 4, 'ff_dim': 2, 'num_transformer_blocks': 2, 'mlp_units': [64], 'mlp_dropout': 0.3, 'dropout': 0.25, 'w_len': 10}",25.2,0.33333333333333337,6,1,26
48,transformer,101,w20_features,"{'head_size': 256, 'num_heads': 2, 'ff_dim': 3, 'num_transformer_blocks': 4, 'mlp_units': [128, 64], 'mlp_dropout': 0.4, 'dropout': 0.25, 'w_len': 15}",19.799999999999997,0.35,6,1,9
49,transformer,101,w20_features,"{'head_size': 256, 'num_heads': 3, 'ff_dim': 3, 'num_transformer_blocks': 3, 'mlp_units': [128], 'mlp_dropout': 0.4, 'dropout': 0.25, 'w_len': 10}",25.799999999999986,0.33333333333333337,6,1,29
50,transformer,101,no_diff_features,"{'head_size': 128, 'num_heads': 2, 'ff_dim': 2, 'num_transformer_blocks': 2, 'mlp_units': [64], 'mlp_dropout': 0.3, 'dropout': 0.25, 'w_len': 5}",31.59999999999999,0.31666666666666665,6,1,48
51,transformer,101,no_diff_features,"{'head_size': 128, 'num_heads': 2, 'ff_dim': 2, 'num_transformer_blocks': 2, 'mlp_units': [64], 'mlp_dropout': 0.3, 'dropout': 0.25, 'w_len': 10}",28.4,0.3,6,1,27
52,transformer,101,no_diff_features,"{'head_size': 128, 'num_heads': 2, 'ff_dim': 2, 'num_transformer_blocks': 2, 'mlp_units': [64], 'mlp_dropout': 0.3, 'dropout': 0.25, 'w_len': 15}",26.0,0.2833333333333333,6,1,15
53,transformer,101,no_diff_features,"{'head_size': 256, 'num_heads': 4, 'ff_dim': 4, 'num_transformer_blocks': 4, 'mlp_units': [128], 'mlp_dropout': 0.4, 'dropout': 0.25, 'w_len': 5}",22.399999999999995,0.33333333333333337,6,1,12
54,transformer,101,no_diff_features,"{'head_size': 256, 'num_heads': 4, 'ff_dim': 4, 'num_transformer_blocks': 4, 'mlp_units': [128], 'mlp_dropout': 0.4, 'dropout': 0.25, 'w_len': 10}",28.599999999999998,0.26666666666666666,6,1,8
55,transformer,101,no_diff_features,"{'head_size': 256, 'num_heads': 4, 'ff_dim': 4, 'num_transformer_blocks': 4, 'mlp_units': [128], 'mlp_dropout': 0.4, 'dropout': 0.25, 'w_len': 15}",30.599999999999998,0.3,6,1,43
56,transformer,101,no_diff_features,"{'head_size': 128, 'num_heads': 4, 'ff_dim': 2, 'num_transformer_blocks': 4, 'mlp_units': [128], 'mlp_dropout': 0.4, 'dropout': 0.25, 'w_len': 10}",26.599999999999998,0.31666666666666665,6,1,23
57,transformer,101,no_diff_features,"{'head_size': 128, 'num_heads': 4, 'ff_dim': 2, 'num_transformer_blocks': 2, 'mlp_units': [64], 'mlp_dropout': 0.3, 'dropout': 0.25, 'w_len': 10}",23.399999999999995,0.31666666666666665,6,1,12
58,transformer,101,no_diff_features,"{'head_size': 256, 'num_heads': 2, 'ff_dim': 3, 'num_transformer_blocks': 4, 'mlp_units': [128, 64], 'mlp_dropout': 0.4, 'dropout': 0.25, 'w_len': 15}",25.999999999999996,0.3,6,1,15
59,transformer,101,no_diff_features,"{'head_size': 256, 'num_heads': 3, 'ff_dim': 3, 'num_transformer_blocks': 3, 'mlp_units': [128], 'mlp_dropout': 0.4, 'dropout': 0.25, 'w_len': 10}",32.79999999999999,0.2833333333333333,6,1,44
60,transformer,101,diff_features,"{'head_size': 128, 'num_heads': 2, 'ff_dim': 2, 'num_transformer_blocks': 2, 'mlp_units': [64], 'mlp_dropout': 0.3, 'dropout': 0.25, 'w_len': 5}",28.599999999999998,0.26666666666666666,6,1,8
61,transformer,101,diff_features,"{'head_size': 128, 'num_heads': 2, 'ff_dim': 2, 'num_transformer_blocks': 2, 'mlp_units': [64], 'mlp_dropout': 0.3, 'dropout': 0.25, 'w_len': 10}",45.8,0.15,6,1,4
62,transformer,101,diff_features,"{'head_size': 128, 'num_heads': 2, 'ff_dim': 2, 'num_transformer_blocks': 2, 'mlp_units': [64], 'mlp_dropout': 0.3, 'dropout': 0.25, 'w_len': 15}",37.79999999999998,0.23333333333333334,6,1,29
63,transformer,101,diff_features,"{'head_size': 256, 'num_heads': 4, 'ff_dim': 4, 'num_transformer_blocks': 4, 'mlp_units': [128], 'mlp_dropout': 0.4, 'dropout': 0.25, 'w_len': 5}",28.399999999999995,0.26666666666666666,6,1,12
64,transformer,101,diff_features,"{'head_size': 256, 'num_heads': 4, 'ff_dim': 4, 'num_transformer_blocks': 4, 'mlp_units': [128], 'mlp_dropout': 0.4, 'dropout': 0.25, 'w_len': 10}",35.6,0.21666666666666665,6,1,13
65,transformer,101,diff_features,"{'head_size': 256, 'num_heads': 4, 'ff_dim': 4, 'num_transformer_blocks': 4, 'mlp_units': [128], 'mlp_dropout': 0.4, 'dropout': 0.25, 'w_len': 15}",36.0,0.25,6,1,35
66,transformer,101,diff_features,"{'head_size': 128, 'num_heads': 4, 'ff_dim': 2, 'num_transformer_blocks': 4, 'mlp_units': [128], 'mlp_dropout': 0.4, 'dropout': 0.25, 'w_len': 10}",28.2,0.2833333333333333,6,1,21
67,transformer,101,diff_features,"{'head_size': 128, 'num_heads': 4, 'ff_dim': 2, 'num_transformer_blocks': 2, 'mlp_units': [64], 'mlp_dropout': 0.3, 'dropout': 0.25, 'w_len': 10}",25.0,0.2833333333333333,6,1,10
68,transformer,101,diff_features,"{'head_size': 256, 'num_heads': 2, 'ff_dim': 3, 'num_transformer_blocks': 4, 'mlp_units': [128, 64], 'mlp_dropout': 0.4, 'dropout': 0.25, 'w_len': 15}",44.20000000000002,0.21666666666666665,6,1,46
69,transformer,101,diff_features,"{'head_size': 256, 'num_heads': 3, 'ff_dim': 3, 'num_transformer_blocks': 3, 'mlp_units': [128], 'mlp_dropout': 0.4, 'dropout': 0.25, 'w_len': 10}",38.0,0.21666666666666665,6,1,10
70,transformer,201,all_features,"{'head_size': 128, 'num_heads': 2, 'ff_dim': 2, 'num_transformer_blocks': 2, 'mlp_units': [64], 'mlp_dropout': 0.3, 'dropout': 0.25, 'w_len': 5}",16.4,0.38333333333333336,6,1,2
71,transformer,201,all_features,"{'head_size': 128, 'num_heads': 2, 'ff_dim': 2, 'num_transformer_blocks': 2, 'mlp_units': [64], 'mlp_dropout': 0.3, 'dropout': 0.25, 'w_len': 10}",19.599999999999998,0.35,6,1,3
72,transformer,201,all_features,"{'head_size': 128, 'num_heads': 2, 'ff_dim': 2, 'num_transformer_blocks': 2, 'mlp_units': [64], 'mlp_dropout': 0.3, 'dropout': 0.25, 'w_len': 15}",26.59999999999999,0.2833333333333333,6,1,13
73,transformer,201,all_features,"{'head_size': 256, 'num_heads': 4, 'ff_dim': 4, 'num_transformer_blocks': 4, 'mlp_units': [128], 'mlp_dropout': 0.4, 'dropout': 0.25, 'w_len': 5}",17.4,0.36666666666666664,6,1,2
74,transformer,201,all_features,"{'head_size': 256, 'num_heads': 4, 'ff_dim': 4, 'num_transformer_blocks': 4, 'mlp_units': [128], 'mlp_dropout': 0.4, 'dropout': 0.25, 'w_len': 10}",21.599999999999998,0.35,6,1,13
75,transformer,201,all_features,"{'head_size': 256, 'num_heads': 4, 'ff_dim': 4, 'num_transformer_blocks': 4, 'mlp_units': [128], 'mlp_dropout': 0.4, 'dropout': 0.25, 'w_len': 15}",21.0,0.31666666666666665,6,1,0
76,transformer,201,all_features,"{'head_size': 128, 'num_heads': 4, 'ff_dim': 2, 'num_transformer_blocks': 4, 'mlp_units': [128], 'mlp_dropout': 0.4, 'dropout': 0.25, 'w_len': 10}",20.799999999999994,0.35,6,1,14
77,transformer,201,all_features,"{'head_size': 128, 'num_heads': 4, 'ff_dim': 2, 'num_transformer_blocks': 2, 'mlp_units': [64], 'mlp_dropout': 0.3, 'dropout': 0.25, 'w_len': 10}",24.0,0.31666666666666665,6,1,15
78,transformer,201,all_features,"{'head_size': 256, 'num_heads': 2, 'ff_dim': 3, 'num_transformer_blocks': 4, 'mlp_units': [128, 64], 'mlp_dropout': 0.4, 'dropout': 0.25, 'w_len': 15}",26.4,0.31666666666666665,6,1,27
79,transformer,201,all_features,"{'head_size': 256, 'num_heads': 3, 'ff_dim': 3, 'num_transformer_blocks': 3, 'mlp_units': [128], 'mlp_dropout': 0.4, 'dropout': 0.25, 'w_len': 10}",18.2,0.36666666666666664,6,1,6
80,transformer,201,w5_features,"{'head_size': 128, 'num_heads': 2, 'ff_dim': 2, 'num_transformer_blocks': 2, 'mlp_units': [64], 'mlp_dropout': 0.3, 'dropout': 0.25, 'w_len': 5}",16.799999999999997,0.38333333333333336,6,1,4
81,transformer,201,w5_features,"{'head_size': 128, 'num_heads': 2, 'ff_dim': 2, 'num_transformer_blocks': 2, 'mlp_units': [64], 'mlp_dropout': 0.3, 'dropout': 0.25, 'w_len': 10}",22.999999999999996,0.35,6,1,25
82,transformer,201,w5_features,"{'head_size': 128, 'num_heads': 2, 'ff_dim': 2, 'num_transformer_blocks': 2, 'mlp_units': [64], 'mlp_dropout': 0.3, 'dropout': 0.25, 'w_len': 15}",24.599999999999994,0.33333333333333337,6,1,18
83,transformer,201,w5_features,"{'head_size': 256, 'num_heads': 4, 'ff_dim': 4, 'num_transformer_blocks': 4, 'mlp_units': [128], 'mlp_dropout': 0.4, 'dropout': 0.25, 'w_len': 5}",18.2,0.36666666666666664,6,1,1
84,transformer,201,w5_features,"{'head_size': 256, 'num_heads': 4, 'ff_dim': 4, 'num_transformer_blocks': 4, 'mlp_units': [128], 'mlp_dropout': 0.4, 'dropout': 0.25, 'w_len': 10}",27.999999999999993,0.31666666666666665,6,1,20
85,transformer,201,w5_features,"{'head_size': 256, 'num_heads': 4, 'ff_dim': 4, 'num_transformer_blocks': 4, 'mlp_units': [128], 'mlp_dropout': 0.4, 'dropout': 0.25, 'w_len': 15}",21.6,0.31666666666666665,6,1,3
86,transformer,201,w5_features,"{'head_size': 128, 'num_heads': 4, 'ff_dim': 2, 'num_transformer_blocks': 4, 'mlp_units': [128], 'mlp_dropout': 0.4, 'dropout': 0.25, 'w_len': 10}",25.8,0.3,6,1,4
87,transformer,201,w5_features,"{'head_size': 128, 'num_heads': 4, 'ff_dim': 2, 'num_transformer_blocks': 2, 'mlp_units': [64], 'mlp_dropout': 0.3, 'dropout': 0.25, 'w_len': 10}",19.999999999999996,0.36666666666666664,6,1,15
88,transformer,201,w5_features,"{'head_size': 256, 'num_heads': 2, 'ff_dim': 3, 'num_transformer_blocks': 4, 'mlp_units': [128, 64], 'mlp_dropout': 0.4, 'dropout': 0.25, 'w_len': 15}",27.599999999999994,0.2833333333333333,6,1,18
89,transformer,201,w5_features,"{'head_size': 256, 'num_heads': 3, 'ff_dim': 3, 'num_transformer_blocks': 3, 'mlp_units': [128], 'mlp_dropout': 0.4, 'dropout': 0.25, 'w_len': 10}",17.6,0.36666666666666664,6,1,3
90,transformer,201,w10_features,"{'head_size': 128, 'num_heads': 2, 'ff_dim': 2, 'num_transformer_blocks': 2, 'mlp_units': [64], 'mlp_dropout': 0.3, 'dropout': 0.25, 'w_len': 5}",18.2,0.36666666666666664,6,1,6
91,transformer,201,w10_features,"{'head_size': 128, 'num_heads': 2, 'ff_dim': 2, 'num_transformer_blocks': 2, 'mlp_units': [64], 'mlp_dropout': 0.3, 'dropout': 0.25, 'w_len': 10}",19.599999999999998,0.35,6,1,8
92,transformer,201,w10_features,"{'head_size': 128, 'num_heads': 2, 'ff_dim': 2, 'num_transformer_blocks': 2, 'mlp_units': [64], 'mlp_dropout': 0.3, 'dropout': 0.25, 'w_len': 15}",31.79999999999999,0.2833333333333333,6,1,29
93,transformer,201,w10_features,"{'head_size': 256, 'num_heads': 4, 'ff_dim': 4, 'num_transformer_blocks': 4, 'mlp_units': [128], 'mlp_dropout': 0.4, 'dropout': 0.25, 'w_len': 5}",17.8,0.36666666666666664,6,1,4
94,transformer,201,w10_features,"{'head_size': 256, 'num_heads': 4, 'ff_dim': 4, 'num_transformer_blocks': 4, 'mlp_units': [128], 'mlp_dropout': 0.4, 'dropout': 0.25, 'w_len': 10}",21.0,0.31666666666666665,6,1,0
95,transformer,201,w10_features,"{'head_size': 256, 'num_heads': 4, 'ff_dim': 4, 'num_transformer_blocks': 4, 'mlp_units': [128], 'mlp_dropout': 0.4, 'dropout': 0.25, 'w_len': 15}",25.4,0.33333333333333337,6,1,27
96,transformer,201,w10_features,"{'head_size': 128, 'num_heads': 4, 'ff_dim': 2, 'num_transformer_blocks': 4, 'mlp_units': [128], 'mlp_dropout': 0.4, 'dropout': 0.25, 'w_len': 10}",22.199999999999996,0.31666666666666665,6,1,6
97,transformer,201,w10_features,"{'head_size': 128, 'num_heads': 4, 'ff_dim': 2, 'num_transformer_blocks': 2, 'mlp_units': [64], 'mlp_dropout': 0.3, 'dropout': 0.25, 'w_len': 10}",21.599999999999994,0.35,6,1,18
98,transformer,201,w10_features,"{'head_size': 256, 'num_heads': 2, 'ff_dim': 3, 'num_transformer_blocks': 4, 'mlp_units': [128, 64], 'mlp_dropout': 0.4, 'dropout': 0.25, 'w_len': 15}",35.4,0.23333333333333334,6,1,22
99,transformer,201,w10_features,"{'head_size': 256, 'num_heads': 3, 'ff_dim': 3, 'num_transformer_blocks': 3, 'mlp_units': [128], 'mlp_dropout': 0.4, 'dropout': 0.25, 'w_len': 10}",24.999999999999993,0.33333333333333337,6,1,25
100,transformer,201,w15_features,"{'head_size': 128, 'num_heads': 2, 'ff_dim': 2, 'num_transformer_blocks': 2, 'mlp_units': [64], 'mlp_dropout': 0.3, 'dropout': 0.25, 'w_len': 5}",20.4,0.35,6,1,7
101,transformer,201,w15_features,"{'head_size': 128, 'num_heads': 2, 'ff_dim': 2, 'num_transformer_blocks': 2, 'mlp_units': [64], 'mlp_dropout': 0.3, 'dropout': 0.25, 'w_len': 10}",22.2,0.31666666666666665,6,1,6
102,transformer,201,w15_features,"{'head_size': 128, 'num_heads': 2, 'ff_dim': 2, 'num_transformer_blocks': 2, 'mlp_units': [64], 'mlp_dropout': 0.3, 'dropout': 0.25, 'w_len': 15}",26.399999999999995,0.2833333333333333,6,1,12
103,transformer,201,w15_features,"{'head_size': 256, 'num_heads': 4, 'ff_dim': 4, 'num_transformer_blocks': 4, 'mlp_units': [128], 'mlp_dropout': 0.4, 'dropout': 0.25, 'w_len': 5}",21.4,0.31666666666666665,6,1,2
104,transformer,201,w15_features,"{'head_size': 256, 'num_heads': 4, 'ff_dim': 4, 'num_transformer_blocks': 4, 'mlp_units': [128], 'mlp_dropout': 0.4, 'dropout': 0.25, 'w_len': 10}",25.399999999999995,0.31666666666666665,6,1,17
105,transformer,201,w15_features,"{'head_size': 256, 'num_heads': 4, 'ff_dim': 4, 'num_transformer_blocks': 4, 'mlp_units': [128], 'mlp_dropout': 0.4, 'dropout': 0.25, 'w_len': 15}",32.400000000000006,0.26666666666666666,6,1,27
106,transformer,201,w15_features,"{'head_size': 128, 'num_heads': 4, 'ff_dim': 2, 'num_transformer_blocks': 4, 'mlp_units': [128], 'mlp_dropout': 0.4, 'dropout': 0.25, 'w_len': 10}",26.19999999999999,0.3,6,1,16
107,transformer,201,w15_features,"{'head_size': 128, 'num_heads': 4, 'ff_dim': 2, 'num_transformer_blocks': 2, 'mlp_units': [64], 'mlp_dropout': 0.3, 'dropout': 0.25, 'w_len': 10}",21.999999999999996,0.31666666666666665,6,1,5
108,transformer,201,w15_features,"{'head_size': 256, 'num_heads': 2, 'ff_dim': 3, 'num_transformer_blocks': 4, 'mlp_units': [128, 64], 'mlp_dropout': 0.4, 'dropout': 0.25, 'w_len': 15}",29.79999999999999,0.2833333333333333,6,1,29
109,transformer,201,w15_features,"{'head_size': 256, 'num_heads': 3, 'ff_dim': 3, 'num_transformer_blocks': 3, 'mlp_units': [128], 'mlp_dropout': 0.4, 'dropout': 0.25, 'w_len': 10}",28.599999999999987,0.2833333333333333,6,1,23
110,transformer,201,w20_features,"{'head_size': 128, 'num_heads': 2, 'ff_dim': 2, 'num_transformer_blocks': 2, 'mlp_units': [64], 'mlp_dropout': 0.3, 'dropout': 0.25, 'w_len': 5}",17.2,0.36666666666666664,6,1,1
111,transformer,201,w20_features,"{'head_size': 128, 'num_heads': 2, 'ff_dim': 2, 'num_transformer_blocks': 2, 'mlp_units': [64], 'mlp_dropout': 0.3, 'dropout': 0.25, 'w_len': 10}",20.599999999999998,0.35,6,1,8
112,transformer,201,w20_features,"{'head_size': 128, 'num_heads': 2, 'ff_dim': 2, 'num_transformer_blocks': 2, 'mlp_units': [64], 'mlp_dropout': 0.3, 'dropout': 0.25, 'w_len': 15}",23.199999999999996,0.31666666666666665,6,1,11
113,transformer,201,w20_features,"{'head_size': 256, 'num_heads': 4, 'ff_dim': 4, 'num_transformer_blocks': 4, 'mlp_units': [128], 'mlp_dropout': 0.4, 'dropout': 0.25, 'w_len': 5}",19.4,0.35,6,1,2
114,transformer,201,w20_features,"{'head_size': 256, 'num_heads': 4, 'ff_dim': 4, 'num_transformer_blocks': 4, 'mlp_units': [128], 'mlp_dropout': 0.4, 'dropout': 0.25, 'w_len': 10}",22.799999999999997,0.31666666666666665,6,1,9
115,transformer,201,w20_features,"{'head_size': 256, 'num_heads': 4, 'ff_dim': 4, 'num_transformer_blocks': 4, 'mlp_units': [128], 'mlp_dropout': 0.4, 'dropout': 0.25, 'w_len': 15}",37.599999999999994,0.32,5,2,18
116,transformer,201,w20_features,"{'head_size': 128, 'num_heads': 4, 'ff_dim': 2, 'num_transformer_blocks': 4, 'mlp_units': [128], 'mlp_dropout': 0.4, 'dropout': 0.25, 'w_len': 10}",21.999999999999996,0.31666666666666665,6,1,10
117,transformer,201,w20_features,"{'head_size': 128, 'num_heads': 4, 'ff_dim': 2, 'num_transformer_blocks': 2, 'mlp_units': [64], 'mlp_dropout': 0.3, 'dropout': 0.25, 'w_len': 10}",20.799999999999997,0.33333333333333337,6,1,4
118,transformer,201,w20_features,"{'head_size': 256, 'num_heads': 2, 'ff_dim': 3, 'num_transformer_blocks': 4, 'mlp_units': [128, 64], 'mlp_dropout': 0.4, 'dropout': 0.25, 'w_len': 15}",25.799999999999994,0.3,6,1,14
119,transformer,201,w20_features,"{'head_size': 256, 'num_heads': 3, 'ff_dim': 3, 'num_transformer_blocks': 3, 'mlp_units': [128], 'mlp_dropout': 0.4, 'dropout': 0.25, 'w_len': 10}",25.4,0.33333333333333337,6,1,27
120,transformer,201,no_diff_features,"{'head_size': 128, 'num_heads': 2, 'ff_dim': 2, 'num_transformer_blocks': 2, 'mlp_units': [64], 'mlp_dropout': 0.3, 'dropout': 0.25, 'w_len': 5}",27.39999999999999,0.3,6,1,22
121,transformer,201,no_diff_features,"{'head_size': 128, 'num_heads': 2, 'ff_dim': 2, 'num_transformer_blocks': 2, 'mlp_units': [64], 'mlp_dropout': 0.3, 'dropout': 0.25, 'w_len': 10}",26.199999999999996,0.33333333333333337,6,1,31
122,transformer,201,no_diff_features,"{'head_size': 128, 'num_heads': 2, 'ff_dim': 2, 'num_transformer_blocks': 2, 'mlp_units': [64], 'mlp_dropout': 0.3, 'dropout': 0.25, 'w_len': 15}",29.799999999999997,0.31666666666666665,6,1,44
123,transformer,201,no_diff_features,"{'head_size': 256, 'num_heads': 4, 'ff_dim': 4, 'num_transformer_blocks': 4, 'mlp_units': [128], 'mlp_dropout': 0.4, 'dropout': 0.25, 'w_len': 5}",24.199999999999996,0.31666666666666665,6,1,11
124,transformer,201,no_diff_features,"{'head_size': 256, 'num_heads': 4, 'ff_dim': 4, 'num_transformer_blocks': 4, 'mlp_units': [128], 'mlp_dropout': 0.4, 'dropout': 0.25, 'w_len': 10}",29.399999999999995,0.31666666666666665,6,1,37
125,transformer,201,no_diff_features,"{'head_size': 256, 'num_heads': 4, 'ff_dim': 4, 'num_transformer_blocks': 4, 'mlp_units': [128], 'mlp_dropout': 0.4, 'dropout': 0.25, 'w_len': 15}",27.199999999999996,0.31666666666666665,6,1,26
126,transformer,201,no_diff_features,"{'head_size': 128, 'num_heads': 4, 'ff_dim': 2, 'num_transformer_blocks': 4, 'mlp_units': [128], 'mlp_dropout': 0.4, 'dropout': 0.25, 'w_len': 10}",34.8,0.23333333333333334,6,1,24
127,transformer,201,no_diff_features,"{'head_size': 128, 'num_heads': 4, 'ff_dim': 2, 'num_transformer_blocks': 2, 'mlp_units': [64], 'mlp_dropout': 0.3, 'dropout': 0.25, 'w_len': 10}",26.4,0.31666666666666665,6,1,22
128,transformer,201,no_diff_features,"{'head_size': 256, 'num_heads': 2, 'ff_dim': 3, 'num_transformer_blocks': 4, 'mlp_units': [128, 64], 'mlp_dropout': 0.4, 'dropout': 0.25, 'w_len': 15}",28.199999999999992,0.31666666666666665,6,1,36
129,transformer,201,no_diff_features,"{'head_size': 256, 'num_heads': 3, 'ff_dim': 3, 'num_transformer_blocks': 3, 'mlp_units': [128], 'mlp_dropout': 0.4, 'dropout': 0.25, 'w_len': 10}",27.799999999999997,0.31666666666666665,6,1,34
130,transformer,201,diff_features,"{'head_size': 128, 'num_heads': 2, 'ff_dim': 2, 'num_transformer_blocks': 2, 'mlp_units': [64], 'mlp_dropout': 0.3, 'dropout': 0.25, 'w_len': 5}",24.999999999999996,0.31666666666666665,6,1,10
131,transformer,201,diff_features,"{'head_size': 128, 'num_heads': 2, 'ff_dim': 2, 'num_transformer_blocks': 2, 'mlp_units': [64], 'mlp_dropout': 0.3, 'dropout': 0.25, 'w_len': 10}",33.4,0.25,6,1,17
132,transformer,201,diff_features,"{'head_size': 128, 'num_heads': 2, 'ff_dim': 2, 'num_transformer_blocks': 2, 'mlp_units': [64], 'mlp_dropout': 0.3, 'dropout': 0.25, 'w_len': 15}",42.00000000000003,0.3,5,2,20
133,transformer,201,diff_features,"{'head_size': 256, 'num_heads': 4, 'ff_dim': 4, 'num_transformer_blocks': 4, 'mlp_units': [128], 'mlp_dropout': 0.4, 'dropout': 0.25, 'w_len': 5}",27.99999999999999,0.31666666666666665,6,1,30
134,transformer,201,diff_features,"{'head_size': 256, 'num_heads': 4, 'ff_dim': 4, 'num_transformer_blocks': 4, 'mlp_units': [128], 'mlp_dropout': 0.4, 'dropout': 0.25, 'w_len': 10}",28.399999999999995,0.26666666666666666,6,1,17
135,transformer,201,diff_features,"{'head_size': 256, 'num_heads': 4, 'ff_dim': 4, 'num_transformer_blocks': 4, 'mlp_units': [128], 'mlp_dropout': 0.4, 'dropout': 0.25, 'w_len': 15}",39.0,0.18333333333333332,6,1,5
136,transformer,201,diff_features,"{'head_size': 128, 'num_heads': 4, 'ff_dim': 2, 'num_transformer_blocks': 4, 'mlp_units': [128], 'mlp_dropout': 0.4, 'dropout': 0.25, 'w_len': 10}",30.4,0.25,6,1,7
137,transformer,201,diff_features,"{'head_size': 128, 'num_heads': 4, 'ff_dim': 2, 'num_transformer_blocks': 2, 'mlp_units': [64], 'mlp_dropout': 0.3, 'dropout': 0.25, 'w_len': 10}",31.199999999999996,0.26666666666666666,6,1,11
138,transformer,201,diff_features,"{'head_size': 256, 'num_heads': 2, 'ff_dim': 3, 'num_transformer_blocks': 4, 'mlp_units': [128, 64], 'mlp_dropout': 0.4, 'dropout': 0.25, 'w_len': 15}",26.599999999999994,0.2833333333333333,6,1,13
139,transformer,201,diff_features,"{'head_size': 256, 'num_heads': 3, 'ff_dim': 3, 'num_transformer_blocks': 3, 'mlp_units': [128], 'mlp_dropout': 0.4, 'dropout': 0.25, 'w_len': 10}",30.199999999999996,0.25,6,1,11
140,transformer,301,all_features,"{'head_size': 128, 'num_heads': 2, 'ff_dim': 2, 'num_transformer_blocks': 2, 'mlp_units': [64], 'mlp_dropout': 0.3, 'dropout': 0.25, 'w_len': 5}",17.0,0.38333333333333336,6,1,5
141,transformer,301,all_features,"{'head_size': 128, 'num_heads': 2, 'ff_dim': 2, 'num_transformer_blocks': 2, 'mlp_units': [64], 'mlp_dropout': 0.3, 'dropout': 0.25, 'w_len': 10}",23.799999999999994,0.33333333333333337,6,1,19
142,transformer,301,all_features,"{'head_size': 128, 'num_heads': 2, 'ff_dim': 2, 'num_transformer_blocks': 2, 'mlp_units': [64], 'mlp_dropout': 0.3, 'dropout': 0.25, 'w_len': 15}",21.0,0.31666666666666665,6,1,0
143,transformer,301,all_features,"{'head_size': 256, 'num_heads': 4, 'ff_dim': 4, 'num_transformer_blocks': 4, 'mlp_units': [128], 'mlp_dropout': 0.4, 'dropout': 0.25, 'w_len': 5}",20.999999999999996,0.35,6,1,10
144,transformer,301,all_features,"{'head_size': 256, 'num_heads': 4, 'ff_dim': 4, 'num_transformer_blocks': 4, 'mlp_units': [128], 'mlp_dropout': 0.4, 'dropout': 0.25, 'w_len': 10}",23.0,0.31666666666666665,6,1,5
145,transformer,301,all_features,"{'head_size': 256, 'num_heads': 4, 'ff_dim': 4, 'num_transformer_blocks': 4, 'mlp_units': [128], 'mlp_dropout': 0.4, 'dropout': 0.25, 'w_len': 15}",24.999999999999996,0.2833333333333333,6,1,5
146,transformer,301,all_features,"{'head_size': 128, 'num_heads': 4, 'ff_dim': 2, 'num_transformer_blocks': 4, 'mlp_units': [128], 'mlp_dropout': 0.4, 'dropout': 0.25, 'w_len': 10}",22.200000000000003,0.31666666666666665,6,1,6
147,transformer,301,all_features,"{'head_size': 128, 'num_heads': 4, 'ff_dim': 2, 'num_transformer_blocks': 2, 'mlp_units': [64], 'mlp_dropout': 0.3, 'dropout': 0.25, 'w_len': 10}",23.6,0.3,6,1,3
148,transformer,301,all_features,"{'head_size': 256, 'num_heads': 2, 'ff_dim': 3, 'num_transformer_blocks': 4, 'mlp_units': [128, 64], 'mlp_dropout': 0.4, 'dropout': 0.25, 'w_len': 15}",22.59999999999999,0.33333333333333337,6,1,13
149,transformer,301,all_features,"{'head_size': 256, 'num_heads': 3, 'ff_dim': 3, 'num_transformer_blocks': 3, 'mlp_units': [128], 'mlp_dropout': 0.4, 'dropout': 0.25, 'w_len': 10}",23.199999999999996,0.31666666666666665,6,1,6
150,transformer,301,w5_features,"{'head_size': 128, 'num_heads': 2, 'ff_dim': 2, 'num_transformer_blocks': 2, 'mlp_units': [64], 'mlp_dropout': 0.3, 'dropout': 0.25, 'w_len': 5}",17.0,0.36666666666666664,6,1,0
151,transformer,301,w5_features,"{'head_size': 128, 'num_heads': 2, 'ff_dim': 2, 'num_transformer_blocks': 2, 'mlp_units': [64], 'mlp_dropout': 0.3, 'dropout': 0.25, 'w_len': 10}",23.599999999999998,0.35,6,1,23
152,transformer,301,w5_features,"{'head_size': 128, 'num_heads': 2, 'ff_dim': 2, 'num_transformer_blocks': 2, 'mlp_units': [64], 'mlp_dropout': 0.3, 'dropout': 0.25, 'w_len': 15}",40.800000000000026,0.21666666666666665,6,1,34
153,transformer,301,w5_features,"{'head_size': 256, 'num_heads': 4, 'ff_dim': 4, 'num_transformer_blocks': 4, 'mlp_units': [128], 'mlp_dropout': 0.4, 'dropout': 0.25, 'w_len': 5}",20.2,0.33333333333333337,6,1,1
154,transformer,301,w5_features,"{'head_size': 256, 'num_heads': 4, 'ff_dim': 4, 'num_transformer_blocks': 4, 'mlp_units': [128], 'mlp_dropout': 0.4, 'dropout': 0.25, 'w_len': 10}",20.799999999999997,0.35,6,1,9
155,transformer,301,w5_features,"{'head_size': 256, 'num_heads': 4, 'ff_dim': 4, 'num_transformer_blocks': 4, 'mlp_units': [128], 'mlp_dropout': 0.4, 'dropout': 0.25, 'w_len': 15}",29.4,0.3,6,1,22
156,transformer,301,w5_features,"{'head_size': 128, 'num_heads': 4, 'ff_dim': 2, 'num_transformer_blocks': 4, 'mlp_units': [128], 'mlp_dropout': 0.4, 'dropout': 0.25, 'w_len': 10}",21.4,0.35,6,1,12
157,transformer,301,w5_features,"{'head_size': 128, 'num_heads': 4, 'ff_dim': 2, 'num_transformer_blocks': 2, 'mlp_units': [64], 'mlp_dropout': 0.3, 'dropout': 0.25, 'w_len': 10}",20.8,0.35,6,1,9
158,transformer,301,w5_features,"{'head_size': 256, 'num_heads': 2, 'ff_dim': 3, 'num_transformer_blocks': 4, 'mlp_units': [128, 64], 'mlp_dropout': 0.4, 'dropout': 0.25, 'w_len': 15}",30.199999999999996,0.3,6,1,16
159,transformer,301,w5_features,"{'head_size': 256, 'num_heads': 3, 'ff_dim': 3, 'num_transformer_blocks': 3, 'mlp_units': [128], 'mlp_dropout': 0.4, 'dropout': 0.25, 'w_len': 10}",20.799999999999997,0.36666666666666664,6,1,19
160,transformer,301,w10_features,"{'head_size': 128, 'num_heads': 2, 'ff_dim': 2, 'num_transformer_blocks': 2, 'mlp_units': [64], 'mlp_dropout': 0.3, 'dropout': 0.25, 'w_len': 5}",22.2,0.33333333333333337,6,1,6
161,transformer,301,w10_features,"{'head_size': 128, 'num_heads': 2, 'ff_dim': 2, 'num_transformer_blocks': 2, 'mlp_units': [64], 'mlp_dropout': 0.3, 'dropout': 0.25, 'w_len': 10}",22.6,0.33333333333333337,6,1,13
162,transformer,301,w10_features,"{'head_size': 128, 'num_heads': 2, 'ff_dim': 2, 'num_transformer_blocks': 2, 'mlp_units': [64], 'mlp_dropout': 0.3, 'dropout': 0.25, 'w_len': 15}",32.4,0.26666666666666666,6,1,12
163,transformer,301,w10_features,"{'head_size': 256, 'num_heads': 4, 'ff_dim': 4, 'num_transformer_blocks': 4, 'mlp_units': [128], 'mlp_dropout': 0.4, 'dropout': 0.25, 'w_len': 5}",20.599999999999994,0.36666666666666664,6,1,18
164,transformer,301,w10_features,"{'head_size': 256, 'num_heads': 4, 'ff_dim': 4, 'num_transformer_blocks': 4, 'mlp_units': [128], 'mlp_dropout': 0.4, 'dropout': 0.25, 'w_len': 10}",22.199999999999996,0.33333333333333337,6,1,11
165,transformer,301,w10_features,"{'head_size': 256, 'num_heads': 4, 'ff_dim': 4, 'num_transformer_blocks': 4, 'mlp_units': [128], 'mlp_dropout': 0.4, 'dropout': 0.25, 'w_len': 15}",24.4,0.3,6,1,7
166,transformer,301,w10_features,"{'head_size': 128, 'num_heads': 4, 'ff_dim': 2, 'num_transformer_blocks': 4, 'mlp_units': [128], 'mlp_dropout': 0.4, 'dropout': 0.25, 'w_len': 10}",27.599999999999994,0.3,6,1,13
167,transformer,301,w10_features,"{'head_size': 128, 'num_heads': 4, 'ff_dim': 2, 'num_transformer_blocks': 2, 'mlp_units': [64], 'mlp_dropout': 0.3, 'dropout': 0.25, 'w_len': 10}",24.199999999999996,0.3,6,1,6
168,transformer,301,w10_features,"{'head_size': 256, 'num_heads': 2, 'ff_dim': 3, 'num_transformer_blocks': 4, 'mlp_units': [128, 64], 'mlp_dropout': 0.4, 'dropout': 0.25, 'w_len': 15}",21.199999999999996,0.36666666666666664,6,1,21
169,transformer,301,w10_features,"{'head_size': 256, 'num_heads': 3, 'ff_dim': 3, 'num_transformer_blocks': 3, 'mlp_units': [128], 'mlp_dropout': 0.4, 'dropout': 0.25, 'w_len': 10}",26.399999999999995,0.31666666666666665,6,1,22
170,transformer,301,w15_features,"{'head_size': 128, 'num_heads': 2, 'ff_dim': 2, 'num_transformer_blocks': 2, 'mlp_units': [64], 'mlp_dropout': 0.3, 'dropout': 0.25, 'w_len': 5}",22.4,0.31666666666666665,6,1,7
171,transformer,301,w15_features,"{'head_size': 128, 'num_heads': 2, 'ff_dim': 2, 'num_transformer_blocks': 2, 'mlp_units': [64], 'mlp_dropout': 0.3, 'dropout': 0.25, 'w_len': 10}",21.199999999999985,0.3,7,0,41
172,transformer,301,w15_features,"{'head_size': 128, 'num_heads': 2, 'ff_dim': 2, 'num_transformer_blocks': 2, 'mlp_units': [64], 'mlp_dropout': 0.3, 'dropout': 0.25, 'w_len': 15}",21.599999999999998,0.31666666666666665,6,1,3
173,transformer,301,w15_features,"{'head_size': 256, 'num_heads': 4, 'ff_dim': 4, 'num_transformer_blocks': 4, 'mlp_units': [128], 'mlp_dropout': 0.4, 'dropout': 0.25, 'w_len': 5}",19.999999999999996,0.33333333333333337,6,1,5
174,transformer,301,w15_features,"{'head_size': 256, 'num_heads': 4, 'ff_dim': 4, 'num_transformer_blocks': 4, 'mlp_units': [128], 'mlp_dropout': 0.4, 'dropout': 0.25, 'w_len': 10}",23.79999999999999,0.36666666666666664,6,1,34
175,transformer,301,w15_features,"{'head_size': 256, 'num_heads': 4, 'ff_dim': 4, 'num_transformer_blocks': 4, 'mlp_units': [128], 'mlp_dropout': 0.4, 'dropout': 0.25, 'w_len': 15}",38.19999999999998,0.25,6,1,41
176,transformer,301,w15_features,"{'head_size': 128, 'num_heads': 4, 'ff_dim': 2, 'num_transformer_blocks': 4, 'mlp_units': [128], 'mlp_dropout': 0.4, 'dropout': 0.25, 'w_len': 10}",25.8,0.2833333333333333,6,1,4
177,transformer,301,w15_features,"{'head_size': 128, 'num_heads': 4, 'ff_dim': 2, 'num_transformer_blocks': 2, 'mlp_units': [64], 'mlp_dropout': 0.3, 'dropout': 0.25, 'w_len': 10}",32.999999999999986,0.2833333333333333,6,1,35
178,transformer,301,w15_features,"{'head_size': 256, 'num_heads': 2, 'ff_dim': 3, 'num_transformer_blocks': 4, 'mlp_units': [128, 64], 'mlp_dropout': 0.4, 'dropout': 0.25, 'w_len': 15}",28.599999999999998,0.31666666666666665,6,1,38
179,transformer,301,w15_features,"{'head_size': 256, 'num_heads': 3, 'ff_dim': 3, 'num_transformer_blocks': 3, 'mlp_units': [128], 'mlp_dropout': 0.4, 'dropout': 0.25, 'w_len': 10}",20.19999999999999,0.36666666666666664,6,1,16
180,transformer,301,w20_features,"{'head_size': 128, 'num_heads': 2, 'ff_dim': 2, 'num_transformer_blocks': 2, 'mlp_units': [64], 'mlp_dropout': 0.3, 'dropout': 0.25, 'w_len': 5}",17.4,0.38333333333333336,6,1,7
181,transformer,301,w20_features,"{'head_size': 128, 'num_heads': 2, 'ff_dim': 2, 'num_transformer_blocks': 2, 'mlp_units': [64], 'mlp_dropout': 0.3, 'dropout': 0.25, 'w_len': 10}",35.99999999999999,0.23333333333333334,6,1,20
182,transformer,301,w20_features,"{'head_size': 128, 'num_heads': 2, 'ff_dim': 2, 'num_transformer_blocks': 2, 'mlp_units': [64], 'mlp_dropout': 0.3, 'dropout': 0.25, 'w_len': 15}",27.599999999999998,0.2833333333333333,6,1,18
183,transformer,301,w20_features,"{'head_size': 256, 'num_heads': 4, 'ff_dim': 4, 'num_transformer_blocks': 4, 'mlp_units': [128], 'mlp_dropout': 0.4, 'dropout': 0.25, 'w_len': 5}",20.2,0.33333333333333337,6,1,6
184,transformer,301,w20_features,"{'head_size': 256, 'num_heads': 4, 'ff_dim': 4, 'num_transformer_blocks': 4, 'mlp_units': [128], 'mlp_dropout': 0.4, 'dropout': 0.25, 'w_len': 10}",26.199999999999996,0.31666666666666665,6,1,16
185,transformer,301,w20_features,"{'head_size': 256, 'num_heads': 4, 'ff_dim': 4, 'num_transformer_blocks': 4, 'mlp_units': [128], 'mlp_dropout': 0.4, 'dropout': 0.25, 'w_len': 15}",26.39999999999995,0.34285714285714286,7,0,112
186,transformer,301,w20_features,"{'head_size': 128, 'num_heads': 4, 'ff_dim': 2, 'num_transformer_blocks': 4, 'mlp_units': [128], 'mlp_dropout': 0.4, 'dropout': 0.25, 'w_len': 10}",20.2,0.33333333333333337,6,1,1
187,transformer,301,w20_features,"{'head_size': 128, 'num_heads': 4, 'ff_dim': 2, 'num_transformer_blocks': 2, 'mlp_units': [64], 'mlp_dropout': 0.3, 'dropout': 0.25, 'w_len': 10}",24.799999999999997,0.31666666666666665,6,1,19
188,transformer,301,w20_features,"{'head_size': 256, 'num_heads': 2, 'ff_dim': 3, 'num_transformer_blocks': 4, 'mlp_units': [128, 64], 'mlp_dropout': 0.4, 'dropout': 0.25, 'w_len': 15}",27.199999999999996,0.3,6,1,16
189,transformer,301,w20_features,"{'head_size': 256, 'num_heads': 3, 'ff_dim': 3, 'num_transformer_blocks': 3, 'mlp_units': [128], 'mlp_dropout': 0.4, 'dropout': 0.25, 'w_len': 10}",21.999999999999993,0.35,6,1,20
190,transformer,301,no_diff_features,"{'head_size': 128, 'num_heads': 2, 'ff_dim': 2, 'num_transformer_blocks': 2, 'mlp_units': [64], 'mlp_dropout': 0.3, 'dropout': 0.25, 'w_len': 5}",27.199999999999992,0.31666666666666665,6,1,16
191,transformer,301,no_diff_features,"{'head_size': 128, 'num_heads': 2, 'ff_dim': 2, 'num_transformer_blocks': 2, 'mlp_units': [64], 'mlp_dropout': 0.3, 'dropout': 0.25, 'w_len': 10}",31.4,0.26666666666666666,6,1,17
192,transformer,301,no_diff_features,"{'head_size': 128, 'num_heads': 2, 'ff_dim': 2, 'num_transformer_blocks': 2, 'mlp_units': [64], 'mlp_dropout': 0.3, 'dropout': 0.25, 'w_len': 15}",24.799999999999997,0.31666666666666665,6,1,19
193,transformer,301,no_diff_features,"{'head_size': 256, 'num_heads': 4, 'ff_dim': 4, 'num_transformer_blocks': 4, 'mlp_units': [128], 'mlp_dropout': 0.4, 'dropout': 0.25, 'w_len': 5}",23.799999999999994,0.33333333333333337,6,1,19
194,transformer,301,no_diff_features,"{'head_size': 256, 'num_heads': 4, 'ff_dim': 4, 'num_transformer_blocks': 4, 'mlp_units': [128], 'mlp_dropout': 0.4, 'dropout': 0.25, 'w_len': 10}",25.599999999999998,0.3,6,1,13
195,transformer,301,no_diff_features,"{'head_size': 256, 'num_heads': 4, 'ff_dim': 4, 'num_transformer_blocks': 4, 'mlp_units': [128], 'mlp_dropout': 0.4, 'dropout': 0.25, 'w_len': 15}",30.4,0.2833333333333333,6,1,32
196,transformer,301,no_diff_features,"{'head_size': 128, 'num_heads': 4, 'ff_dim': 2, 'num_transformer_blocks': 4, 'mlp_units': [128], 'mlp_dropout': 0.4, 'dropout': 0.25, 'w_len': 10}",26.599999999999998,0.3,6,1,18
197,transformer,301,no_diff_features,"{'head_size': 128, 'num_heads': 4, 'ff_dim': 2, 'num_transformer_blocks': 2, 'mlp_units': [64], 'mlp_dropout': 0.3, 'dropout': 0.25, 'w_len': 10}",33.39999999999999,0.31666666666666665,6,1,57
198,transformer,301,no_diff_features,"{'head_size': 256, 'num_heads': 2, 'ff_dim': 3, 'num_transformer_blocks': 4, 'mlp_units': [128, 64], 'mlp_dropout': 0.4, 'dropout': 0.25, 'w_len': 15}",29.599999999999998,0.2833333333333333,6,1,28
199,transformer,301,no_diff_features,"{'head_size': 256, 'num_heads': 3, 'ff_dim': 3, 'num_transformer_blocks': 3, 'mlp_units': [128], 'mlp_dropout': 0.4, 'dropout': 0.25, 'w_len': 10}",31.199999999999996,0.2833333333333333,6,1,36
200,transformer,301,diff_features,"{'head_size': 128, 'num_heads': 2, 'ff_dim': 2, 'num_transformer_blocks': 2, 'mlp_units': [64], 'mlp_dropout': 0.3, 'dropout': 0.25, 'w_len': 5}",27.799999999999997,0.26666666666666666,6,1,4
201,transformer,301,diff_features,"{'head_size': 128, 'num_heads': 2, 'ff_dim': 2, 'num_transformer_blocks': 2, 'mlp_units': [64], 'mlp_dropout': 0.3, 'dropout': 0.25, 'w_len': 10}",31.199999999999992,0.26666666666666666,6,1,16
202,transformer,301,diff_features,"{'head_size': 128, 'num_heads': 2, 'ff_dim': 2, 'num_transformer_blocks': 2, 'mlp_units': [64], 'mlp_dropout': 0.3, 'dropout': 0.25, 'w_len': 15}",54.2,0.25,4,3,1
203,transformer,301,diff_features,"{'head_size': 256, 'num_heads': 4, 'ff_dim': 4, 'num_transformer_blocks': 4, 'mlp_units': [128], 'mlp_dropout': 0.4, 'dropout': 0.25, 'w_len': 5}",29.799999999999994,0.25,6,1,14
204,transformer,301,diff_features,"{'head_size': 256, 'num_heads': 4, 'ff_dim': 4, 'num_transformer_blocks': 4, 'mlp_units': [128], 'mlp_dropout': 0.4, 'dropout': 0.25, 'w_len': 10}",33.0,0.21666666666666665,6,1,5
205,transformer,301,diff_features,"{'head_size': 256, 'num_heads': 4, 'ff_dim': 4, 'num_transformer_blocks': 4, 'mlp_units': [128], 'mlp_dropout': 0.4, 'dropout': 0.25, 'w_len': 15}",33.599999999999994,0.23333333333333334,6,1,13
206,transformer,301,diff_features,"{'head_size': 128, 'num_heads': 4, 'ff_dim': 2, 'num_transformer_blocks': 4, 'mlp_units': [128], 'mlp_dropout': 0.4, 'dropout': 0.25, 'w_len': 10}",24.799999999999994,0.3,6,1,14
207,transformer,301,diff_features,"{'head_size': 128, 'num_heads': 4, 'ff_dim': 2, 'num_transformer_blocks': 2, 'mlp_units': [64], 'mlp_dropout': 0.3, 'dropout': 0.25, 'w_len': 10}",24.599999999999998,0.3,6,1,8
208,transformer,301,diff_features,"{'head_size': 256, 'num_heads': 2, 'ff_dim': 3, 'num_transformer_blocks': 4, 'mlp_units': [128, 64], 'mlp_dropout': 0.4, 'dropout': 0.25, 'w_len': 15}",26.999999999999993,0.2833333333333333,6,1,15
209,transformer,301,diff_features,"{'head_size': 256, 'num_heads': 3, 'ff_dim': 3, 'num_transformer_blocks': 3, 'mlp_units': [128], 'mlp_dropout': 0.4, 'dropout': 0.25, 'w_len': 10}",30.2,0.23333333333333334,6,1,1
210,transformer,401,all_features,"{'head_size': 128, 'num_heads': 2, 'ff_dim': 2, 'num_transformer_blocks': 2, 'mlp_units': [64], 'mlp_dropout': 0.3, 'dropout': 0.25, 'w_len': 5}",20.199999999999996,0.35,6,1,11
211,transformer,401,all_features,"{'head_size': 128, 'num_heads': 2, 'ff_dim': 2, 'num_transformer_blocks': 2, 'mlp_units': [64], 'mlp_dropout': 0.3, 'dropout': 0.25, 'w_len': 10}",23.399999999999995,0.3,6,1,7
212,transformer,401,all_features,"{'head_size': 128, 'num_heads': 2, 'ff_dim': 2, 'num_transformer_blocks': 2, 'mlp_units': [64], 'mlp_dropout': 0.3, 'dropout': 0.25, 'w_len': 15}",22.19999999999999,0.35,6,1,21
213,transformer,401,all_features,"{'head_size': 256, 'num_heads': 4, 'ff_dim': 4, 'num_transformer_blocks': 4, 'mlp_units': [128], 'mlp_dropout': 0.4, 'dropout': 0.25, 'w_len': 5}",17.2,0.38333333333333336,6,1,6
214,transformer,401,all_features,"{'head_size': 256, 'num_heads': 4, 'ff_dim': 4, 'num_transformer_blocks': 4, 'mlp_units': [128], 'mlp_dropout': 0.4, 'dropout': 0.25, 'w_len': 10}",21.399999999999995,0.35,6,1,17
215,transformer,401,all_features,"{'head_size': 256, 'num_heads': 4, 'ff_dim': 4, 'num_transformer_blocks': 4, 'mlp_units': [128], 'mlp_dropout': 0.4, 'dropout': 0.25, 'w_len': 15}",23.799999999999994,0.33333333333333337,6,1,19
216,transformer,401,all_features,"{'head_size': 128, 'num_heads': 4, 'ff_dim': 2, 'num_transformer_blocks': 4, 'mlp_units': [128], 'mlp_dropout': 0.4, 'dropout': 0.25, 'w_len': 10}",21.799999999999997,0.33333333333333337,6,1,9
217,transformer,401,all_features,"{'head_size': 128, 'num_heads': 4, 'ff_dim': 2, 'num_transformer_blocks': 2, 'mlp_units': [64], 'mlp_dropout': 0.3, 'dropout': 0.25, 'w_len': 10}",22.99999999999999,0.2857142857142857,7,0,40
218,transformer,401,all_features,"{'head_size': 256, 'num_heads': 2, 'ff_dim': 3, 'num_transformer_blocks': 4, 'mlp_units': [128, 64], 'mlp_dropout': 0.4, 'dropout': 0.25, 'w_len': 15}",22.999999999999996,0.31666666666666665,6,1,10
219,transformer,401,all_features,"{'head_size': 256, 'num_heads': 3, 'ff_dim': 3, 'num_transformer_blocks': 3, 'mlp_units': [128], 'mlp_dropout': 0.4, 'dropout': 0.25, 'w_len': 10}",20.799999999999997,0.35,6,1,14
220,transformer,401,w5_features,"{'head_size': 128, 'num_heads': 2, 'ff_dim': 2, 'num_transformer_blocks': 2, 'mlp_units': [64], 'mlp_dropout': 0.3, 'dropout': 0.25, 'w_len': 5}",16.0,0.38333333333333336,6,1,0
221,transformer,401,w5_features,"{'head_size': 128, 'num_heads': 2, 'ff_dim': 2, 'num_transformer_blocks': 2, 'mlp_units': [64], 'mlp_dropout': 0.3, 'dropout': 0.25, 'w_len': 10}",22.8,0.33333333333333337,6,1,9
222,transformer,401,w5_features,"{'head_size': 128, 'num_heads': 2, 'ff_dim': 2, 'num_transformer_blocks': 2, 'mlp_units': [64], 'mlp_dropout': 0.3, 'dropout': 0.25, 'w_len': 15}",29.6,0.3,6,1,23
223,transformer,401,w5_features,"{'head_size': 256, 'num_heads': 4, 'ff_dim': 4, 'num_transformer_blocks': 4, 'mlp_units': [128], 'mlp_dropout': 0.4, 'dropout': 0.25, 'w_len': 5}",19.599999999999998,0.36666666666666664,6,1,13
224,transformer,401,w5_features,"{'head_size': 256, 'num_heads': 4, 'ff_dim': 4, 'num_transformer_blocks': 4, 'mlp_units': [128], 'mlp_dropout': 0.4, 'dropout': 0.25, 'w_len': 10}",19.8,0.35,6,1,4
225,transformer,401,w5_features,"{'head_size': 256, 'num_heads': 4, 'ff_dim': 4, 'num_transformer_blocks': 4, 'mlp_units': [128], 'mlp_dropout': 0.4, 'dropout': 0.25, 'w_len': 15}",29.999999999999996,0.31666666666666665,6,1,30
226,transformer,401,w5_features,"{'head_size': 128, 'num_heads': 4, 'ff_dim': 2, 'num_transformer_blocks': 4, 'mlp_units': [128], 'mlp_dropout': 0.4, 'dropout': 0.25, 'w_len': 10}",18.799999999999994,0.36666666666666664,6,1,9
227,transformer,401,w5_features,"{'head_size': 128, 'num_heads': 4, 'ff_dim': 2, 'num_transformer_blocks': 2, 'mlp_units': [64], 'mlp_dropout': 0.3, 'dropout': 0.25, 'w_len': 10}",20.0,0.35,6,1,5
228,transformer,401,w5_features,"{'head_size': 256, 'num_heads': 2, 'ff_dim': 3, 'num_transformer_blocks': 4, 'mlp_units': [128, 64], 'mlp_dropout': 0.4, 'dropout': 0.25, 'w_len': 15}",22.599999999999998,0.31666666666666665,6,1,8
229,transformer,401,w5_features,"{'head_size': 256, 'num_heads': 3, 'ff_dim': 3, 'num_transformer_blocks': 3, 'mlp_units': [128], 'mlp_dropout': 0.4, 'dropout': 0.25, 'w_len': 10}",26.999999999999993,0.2833333333333333,6,1,10
230,transformer,401,w10_features,"{'head_size': 128, 'num_heads': 2, 'ff_dim': 2, 'num_transformer_blocks': 2, 'mlp_units': [64], 'mlp_dropout': 0.3, 'dropout': 0.25, 'w_len': 5}",22.199999999999996,0.36666666666666664,6,1,26
231,transformer,401,w10_features,"{'head_size': 128, 'num_heads': 2, 'ff_dim': 2, 'num_transformer_blocks': 2, 'mlp_units': [64], 'mlp_dropout': 0.3, 'dropout': 0.25, 'w_len': 10}",28.6,0.26666666666666666,6,1,3
232,transformer,401,w10_features,"{'head_size': 128, 'num_heads': 2, 'ff_dim': 2, 'num_transformer_blocks': 2, 'mlp_units': [64], 'mlp_dropout': 0.3, 'dropout': 0.25, 'w_len': 15}",23.399999999999995,0.31666666666666665,6,1,12
233,transformer,401,w10_features,"{'head_size': 256, 'num_heads': 4, 'ff_dim': 4, 'num_transformer_blocks': 4, 'mlp_units': [128], 'mlp_dropout': 0.4, 'dropout': 0.25, 'w_len': 5}",17.2,0.36666666666666664,6,1,1
234,transformer,401,w10_features,"{'head_size': 256, 'num_heads': 4, 'ff_dim': 4, 'num_transformer_blocks': 4, 'mlp_units': [128], 'mlp_dropout': 0.4, 'dropout': 0.25, 'w_len': 10}",21.4,0.31666666666666665,6,1,2
235,transformer,401,w10_features,"{'head_size': 256, 'num_heads': 4, 'ff_dim': 4, 'num_transformer_blocks': 4, 'mlp_units': [128], 'mlp_dropout': 0.4, 'dropout': 0.25, 'w_len': 15}",27.2,0.3,6,1,16
236,transformer,401,w10_features,"{'head_size': 128, 'num_heads': 4, 'ff_dim': 2, 'num_transformer_blocks': 4, 'mlp_units': [128], 'mlp_dropout': 0.4, 'dropout': 0.25, 'w_len': 10}",24.4,0.2833333333333333,6,1,2
237,transformer,401,w10_features,"{'head_size': 128, 'num_heads': 4, 'ff_dim': 2, 'num_transformer_blocks': 2, 'mlp_units': [64], 'mlp_dropout': 0.3, 'dropout': 0.25, 'w_len': 10}",28.599999999999994,0.3,6,1,23
238,transformer,401,w10_features,"{'head_size': 256, 'num_heads': 2, 'ff_dim': 3, 'num_transformer_blocks': 4, 'mlp_units': [128, 64], 'mlp_dropout': 0.4, 'dropout': 0.25, 'w_len': 15}",25.999999999999986,0.31666666666666665,6,1,25
239,transformer,401,w10_features,"{'head_size': 256, 'num_heads': 3, 'ff_dim': 3, 'num_transformer_blocks': 3, 'mlp_units': [128], 'mlp_dropout': 0.4, 'dropout': 0.25, 'w_len': 10}",23.799999999999997,0.3,6,1,4
240,transformer,401,w15_features,"{'head_size': 128, 'num_heads': 2, 'ff_dim': 2, 'num_transformer_blocks': 2, 'mlp_units': [64], 'mlp_dropout': 0.3, 'dropout': 0.25, 'w_len': 5}",25.399999999999995,0.3,6,1,12
241,transformer,401,w15_features,"{'head_size': 128, 'num_heads': 2, 'ff_dim': 2, 'num_transformer_blocks': 2, 'mlp_units': [64], 'mlp_dropout': 0.3, 'dropout': 0.25, 'w_len': 10}",30.59999999999999,0.26666666666666666,6,1,13
242,transformer,401,w15_features,"{'head_size': 128, 'num_heads': 2, 'ff_dim': 2, 'num_transformer_blocks': 2, 'mlp_units': [64], 'mlp_dropout': 0.3, 'dropout': 0.25, 'w_len': 15}",30.999999999999996,0.26666666666666666,6,1,15
243,transformer,401,w15_features,"{'head_size': 256, 'num_heads': 4, 'ff_dim': 4, 'num_transformer_blocks': 4, 'mlp_units': [128], 'mlp_dropout': 0.4, 'dropout': 0.25, 'w_len': 5}",22.999999999999996,0.31666666666666665,6,1,5
244,transformer,401,w15_features,"{'head_size': 256, 'num_heads': 4, 'ff_dim': 4, 'num_transformer_blocks': 4, 'mlp_units': [128], 'mlp_dropout': 0.4, 'dropout': 0.25, 'w_len': 10}",23.599999999999994,0.31666666666666665,6,1,13
245,transformer,401,w15_features,"{'head_size': 256, 'num_heads': 4, 'ff_dim': 4, 'num_transformer_blocks': 4, 'mlp_units': [128], 'mlp_dropout': 0.4, 'dropout': 0.25, 'w_len': 15}",33.99999999999999,0.26666666666666666,6,1,40
246,transformer,401,w15_features,"{'head_size': 128, 'num_heads': 4, 'ff_dim': 2, 'num_transformer_blocks': 4, 'mlp_units': [128], 'mlp_dropout': 0.4, 'dropout': 0.25, 'w_len': 10}",27.199999999999996,0.26666666666666666,6,1,11
247,transformer,401,w15_features,"{'head_size': 128, 'num_heads': 4, 'ff_dim': 2, 'num_transformer_blocks': 2, 'mlp_units': [64], 'mlp_dropout': 0.3, 'dropout': 0.25, 'w_len': 10}",31.999999999999986,0.3,6,1,40
248,transformer,401,w15_features,"{'head_size': 256, 'num_heads': 2, 'ff_dim': 3, 'num_transformer_blocks': 4, 'mlp_units': [128, 64], 'mlp_dropout': 0.4, 'dropout': 0.25, 'w_len': 15}",25.799999999999994,0.3,6,1,19
249,transformer,401,w15_features,"{'head_size': 256, 'num_heads': 3, 'ff_dim': 3, 'num_transformer_blocks': 3, 'mlp_units': [128], 'mlp_dropout': 0.4, 'dropout': 0.25, 'w_len': 10}",22.99999999999999,0.35,6,1,25
250,transformer,401,w20_features,"{'head_size': 128, 'num_heads': 2, 'ff_dim': 2, 'num_transformer_blocks': 2, 'mlp_units': [64], 'mlp_dropout': 0.3, 'dropout': 0.25, 'w_len': 5}",19.799999999999997,0.36666666666666664,6,1,14
251,transformer,401,w20_features,"{'head_size': 128, 'num_heads': 2, 'ff_dim': 2, 'num_transformer_blocks': 2, 'mlp_units': [64], 'mlp_dropout': 0.3, 'dropout': 0.25, 'w_len': 10}",23.599999999999998,0.33333333333333337,6,1,18
252,transformer,401,w20_features,"{'head_size': 128, 'num_heads': 2, 'ff_dim': 2, 'num_transformer_blocks': 2, 'mlp_units': [64], 'mlp_dropout': 0.3, 'dropout': 0.25, 'w_len': 15}",25.2,0.2833333333333333,6,1,6
253,transformer,401,w20_features,"{'head_size': 256, 'num_heads': 4, 'ff_dim': 4, 'num_transformer_blocks': 4, 'mlp_units': [128], 'mlp_dropout': 0.4, 'dropout': 0.25, 'w_len': 5}",21.0,0.33333333333333337,6,1,5
254,transformer,401,w20_features,"{'head_size': 256, 'num_heads': 4, 'ff_dim': 4, 'num_transformer_blocks': 4, 'mlp_units': [128], 'mlp_dropout': 0.4, 'dropout': 0.25, 'w_len': 10}",21.599999999999998,0.33333333333333337,6,1,8
255,transformer,401,w20_features,"{'head_size': 256, 'num_heads': 4, 'ff_dim': 4, 'num_transformer_blocks': 4, 'mlp_units': [128], 'mlp_dropout': 0.4, 'dropout': 0.25, 'w_len': 15}",30.4,0.25,6,1,7
256,transformer,401,w20_features,"{'head_size': 128, 'num_heads': 4, 'ff_dim': 2, 'num_transformer_blocks': 4, 'mlp_units': [128], 'mlp_dropout': 0.4, 'dropout': 0.25, 'w_len': 10}",22.4,0.31666666666666665,6,1,7
257,transformer,401,w20_features,"{'head_size': 128, 'num_heads': 4, 'ff_dim': 2, 'num_transformer_blocks': 2, 'mlp_units': [64], 'mlp_dropout': 0.3, 'dropout': 0.25, 'w_len': 10}",23.199999999999996,0.36666666666666664,6,1,31
258,transformer,401,w20_features,"{'head_size': 256, 'num_heads': 2, 'ff_dim': 3, 'num_transformer_blocks': 4, 'mlp_units': [128, 64], 'mlp_dropout': 0.4, 'dropout': 0.25, 'w_len': 15}",29.799999999999997,0.26666666666666666,6,1,14
259,transformer,401,w20_features,"{'head_size': 256, 'num_heads': 3, 'ff_dim': 3, 'num_transformer_blocks': 3, 'mlp_units': [128], 'mlp_dropout': 0.4, 'dropout': 0.25, 'w_len': 10}",23.4,0.3,6,1,7
260,transformer,401,no_diff_features,"{'head_size': 128, 'num_heads': 2, 'ff_dim': 2, 'num_transformer_blocks': 2, 'mlp_units': [64], 'mlp_dropout': 0.3, 'dropout': 0.25, 'w_len': 5}",26.599999999999998,0.26666666666666666,6,1,3
261,transformer,401,no_diff_features,"{'head_size': 128, 'num_heads': 2, 'ff_dim': 2, 'num_transformer_blocks': 2, 'mlp_units': [64], 'mlp_dropout': 0.3, 'dropout': 0.25, 'w_len': 10}",30.4,0.2833333333333333,6,1,32
262,transformer,401,no_diff_features,"{'head_size': 128, 'num_heads': 2, 'ff_dim': 2, 'num_transformer_blocks': 2, 'mlp_units': [64], 'mlp_dropout': 0.3, 'dropout': 0.25, 'w_len': 15}",24.599999999999998,0.31666666666666665,6,1,18
263,transformer,401,no_diff_features,"{'head_size': 256, 'num_heads': 4, 'ff_dim': 4, 'num_transformer_blocks': 4, 'mlp_units': [128], 'mlp_dropout': 0.4, 'dropout': 0.25, 'w_len': 5}",26.999999999999993,0.3,6,1,20
264,transformer,401,no_diff_features,"{'head_size': 256, 'num_heads': 4, 'ff_dim': 4, 'num_transformer_blocks': 4, 'mlp_units': [128], 'mlp_dropout': 0.4, 'dropout': 0.25, 'w_len': 10}",26.399999999999995,0.31666666666666665,6,1,22
265,transformer,401,no_diff_features,"{'head_size': 256, 'num_heads': 4, 'ff_dim': 4, 'num_transformer_blocks': 4, 'mlp_units': [128], 'mlp_dropout': 0.4, 'dropout': 0.25, 'w_len': 15}",26.0,0.31666666666666665,6,1,25
266,transformer,401,no_diff_features,"{'head_size': 128, 'num_heads': 4, 'ff_dim': 2, 'num_transformer_blocks': 4, 'mlp_units': [128], 'mlp_dropout': 0.4, 'dropout': 0.25, 'w_len': 10}",29.4,0.3,6,1,32
267,transformer,401,no_diff_features,"{'head_size': 128, 'num_heads': 4, 'ff_dim': 2, 'num_transformer_blocks': 2, 'mlp_units': [64], 'mlp_dropout': 0.3, 'dropout': 0.25, 'w_len': 10}",28.999999999999996,0.2833333333333333,6,1,25
268,transformer,401,no_diff_features,"{'head_size': 256, 'num_heads': 2, 'ff_dim': 3, 'num_transformer_blocks': 4, 'mlp_units': [128, 64], 'mlp_dropout': 0.4, 'dropout': 0.25, 'w_len': 15}",31.0,0.2833333333333333,6,1,35
269,transformer,401,no_diff_features,"{'head_size': 256, 'num_heads': 3, 'ff_dim': 3, 'num_transformer_blocks': 3, 'mlp_units': [128], 'mlp_dropout': 0.4, 'dropout': 0.25, 'w_len': 10}",27.4,0.31666666666666665,6,1,27
270,transformer,401,diff_features,"{'head_size': 128, 'num_heads': 2, 'ff_dim': 2, 'num_transformer_blocks': 2, 'mlp_units': [64], 'mlp_dropout': 0.3, 'dropout': 0.25, 'w_len': 5}",26.99999999999999,0.31666666666666665,6,1,20
271,transformer,401,diff_features,"{'head_size': 128, 'num_heads': 2, 'ff_dim': 2, 'num_transformer_blocks': 2, 'mlp_units': [64], 'mlp_dropout': 0.3, 'dropout': 0.25, 'w_len': 10}",37.19999999999999,0.23333333333333334,6,1,16
272,transformer,401,diff_features,"{'head_size': 128, 'num_heads': 2, 'ff_dim': 2, 'num_transformer_blocks': 2, 'mlp_units': [64], 'mlp_dropout': 0.3, 'dropout': 0.25, 'w_len': 15}",55.199999999999996,0.2,5,2,26
273,transformer,401,diff_features,"{'head_size': 256, 'num_heads': 4, 'ff_dim': 4, 'num_transformer_blocks': 4, 'mlp_units': [128], 'mlp_dropout': 0.4, 'dropout': 0.25, 'w_len': 5}",31.599999999999994,0.25,6,1,13
274,transformer,401,diff_features,"{'head_size': 256, 'num_heads': 4, 'ff_dim': 4, 'num_transformer_blocks': 4, 'mlp_units': [128], 'mlp_dropout': 0.4, 'dropout': 0.25, 'w_len': 10}",26.799999999999997,0.26666666666666666,6,1,9
275,transformer,401,diff_features,"{'head_size': 256, 'num_heads': 4, 'ff_dim': 4, 'num_transformer_blocks': 4, 'mlp_units': [128], 'mlp_dropout': 0.4, 'dropout': 0.25, 'w_len': 15}",33.8,0.25,6,1,9
276,transformer,401,diff_features,"{'head_size': 128, 'num_heads': 4, 'ff_dim': 2, 'num_transformer_blocks': 4, 'mlp_units': [128], 'mlp_dropout': 0.4, 'dropout': 0.25, 'w_len': 10}",35.00000000000001,0.23333333333333334,6,1,15
277,transformer,401,diff_features,"{'head_size': 128, 'num_heads': 4, 'ff_dim': 2, 'num_transformer_blocks': 2, 'mlp_units': [64], 'mlp_dropout': 0.3, 'dropout': 0.25, 'w_len': 10}",30.4,0.23333333333333334,6,1,2
278,transformer,401,diff_features,"{'head_size': 256, 'num_heads': 2, 'ff_dim': 3, 'num_transformer_blocks': 4, 'mlp_units': [128, 64], 'mlp_dropout': 0.4, 'dropout': 0.25, 'w_len': 15}",29.399999999999995,0.25,6,1,7
279,transformer,401,diff_features,"{'head_size': 256, 'num_heads': 3, 'ff_dim': 3, 'num_transformer_blocks': 3, 'mlp_units': [128], 'mlp_dropout': 0.4, 'dropout': 0.25, 'w_len': 10}",28.599999999999994,0.26666666666666666,6,1,13
